Date,AGG,GLD,SPY,Portfolio_Return,Benchmark_Return
2024-01-03,0.0005064404223693586,-0.008336809604204354,-0.008166614663216887,-0.006015370385919073,-0.004697392628982389
2024-01-04,-0.004047504639165034,0.0010046128932528209,-0.003221075305737564,-0.003005113819195393,-0.003551647039108552
2024-01-05,-0.002336826961661931,0.00015845540955172766,0.0013697359206465975,0.0003219671489599785,-0.0001128892322768138
2024-01-08,0.003767779086470968,-0.007816271130823282,0.014275782111674573,0.009439576031123886,0.010072580901593131
2024-01-09,-0.00020297344951147878,0.0003193567900841021,-0.001517061878663406,-0.0010048979045006736,-0.000991426507002635
2024-01-10,-0.001927781182806676,-0.00228804710551489,0.005655465289015282,0.002965302431606776,0.002622166700286499
2024-01-11,0.005693584450437106,0.0019733072916665595,-0.000440607070651744,0.0013343322458522987,0.002013069537783796
2024-01-12,0.0018195276477162015,0.009794068475553752,0.0006927160276115618,0.0018845541774319408,0.0011434406756534177
2024-01-16,-0.0074672917738964895,-0.009488181898979597,-0.0036711090451885253,-0.005201862012744624,-0.005189582136671711
2024-01-17,-0.0027449598791732255,-0.01101595063528893,-0.005558826712632747,-0.005401072396533485,-0.004433279979248939
2024-01-18,-0.0009174189338130301,0.008232882099906247,0.00889287749048795,0.006374303845354534,0.004968758920767558
2024-01-19,0.00020363623561858724,0.00298872590696031,0.012466148799797905,0.008452778369469316,0.007561143774126177
2024-01-22,0.0018365801667803439,-0.003777957126316789,0.002114256523492175,0.0014556160693333208,0.0020031859808074424
2024-01-23,-0.0024439973953197525,0.0038991332271092194,0.002916543735052679,0.0016746674016652253,0.0007723272829037063
2024-01-24,-0.0022460067538171424,-0.008246890539639895,0.0010931979808126435,-0.0006756120548900568,-0.00024248391303927086
2024-01-25,0.0045021253114905235,0.003969986681303217,0.005438841579141762,0.005057777022445098,0.005064155072081267
2024-01-26,-0.001120271435214426,-0.0006946931881827156,-0.001270334204830692,-0.001175254410761828,-0.0012103090969841856
2024-01-29,0.003976435757415464,0.0070584854445867595,0.007919372301701921,0.00684754947991879,0.006342197683987339
2024-01-30,0.0019297148867511993,0.0013805262268788976,-0.0007735560553606691,0.00011766990839125473,0.0003077523214840783
2024-01-31,0.004561741749083081,-0.0007423479101065222,-0.016317261592246002,-0.009540019388699783,-0.00796566025571437
2024-02-01,0.00569782896290727,0.01040067256889099,0.013088114379607774,0.01097179884436097,0.010132000212927572
2024-02-02,-0.00915778187467653,-0.009453300862028224,0.01052742519772587,0.0036080508236498612,0.00265334236876491
2024-02-05,-0.00822659899422995,-0.005513988032274764,-0.003641259527168539,-0.004974867244444514,-0.005475395313993103
2024-02-06,0.005222780859916787,0.005224693124019186,0.0029033818130268507,0.0037153627058485687,0.0038311414317828254
2024-02-07,-0.0020375112678530094,-0.0002651978305409086,0.008340368497273154,0.004885341923210207,0.004189216591222688
2024-02-08,-0.003062506793879982,-0.0009018470501077624,0.00044162427096816614,-0.0005687556273514637,-0.0009600281549710932
2024-02-09,-0.0003070792250587928,-0.003876152075832917,0.005779525577980893,0.0032923066118395908,0.0033448836567650186
2024-02-12,0.0002047535819571511,-0.0026119694947860372,-0.00043895545913064105,-0.0004953296024242327,-0.0001814718426955242
2024-02-13,-0.00921642832276992,-0.013788690196348319,-0.013772988606368997,-0.01263541869446716,-0.011950364492929366
2024-02-14,0.004444290298253772,-0.0005961123453055439,0.009087602657076976,0.006958403067132923,0.007230277713547695
2024-02-15,0.0023670013823919867,0.0067238125229136525,0.006899667161367695,0.0057489152527783645,0.005086600849777412
2024-02-16,-0.0031827086103554114,0.0036625695484677756,-0.004979973893040612,-0.003666403228218473,-0.004261067779966532
2024-02-20,0.0009270716648017707,0.006064210073093879,-0.0055054446149716,-0.0027403500762217094,-0.0029324381030622513
2024-02-21,-0.002983972533364798,5.331256612173263e-05,0.0009058828019030685,-0.0001518380554920317,-0.0006500593322040783
2024-02-22,0.000825445472570463,0.00042672195902415666,0.02069542647312206,0.01370106077157437,0.012747434072901421
2024-02-23,0.0037121799929147326,0.005651511902278639,0.0006896580348010328,0.0019414739110772184,0.0018986668180465127
2024-02-26,-0.0021573140759828524,-0.0022266895335479875,-0.003662455592811087,-0.0031425936076777184,-0.003060398986079793
2024-02-27,-0.0013384872906204714,-0.0010626830578386315,0.0018578104305173593,0.0007666866513973026,0.000579291342062227
2024-02-28,0.0019589661859733543,0.00180849115899262,-0.00132164076202812,-0.00018847583292567745,-9.397982827530262e-06
2024-02-29,0.0016460514803360304,0.005150266749304189,0.0035949057285806774,0.003263228268591867,0.0028153640292828182
2024-03-01,0.004800823379359498,0.018910791174389097,0.009388206951783884,0.00919361948093831,0.007553253522814129
2024-03-04,-0.002460697704204984,0.016174996770490724,-0.001072399009425462,0.00030526589487127624,-0.001627718487337271
2024-03-05,0.005447643290308113,0.006020141664404566,-0.0099940695152958,-0.004532220195924786,-0.0038173843930542346
2024-03-06,0.0015333657657852218,0.008215401882095241,0.005067315224831059,0.004498636525796018,0.0036537354412127243
2024-03-07,0.0021437514758455567,0.005683843351386164,0.009926327627586717,0.007556435162031372,0.006813297166890253
2024-03-08,0.0009166629564050233,0.008452547868211147,-0.006002270247929431,-0.00282705513523176,-0.003234696966195649
2024-03-11,-0.0011194158165259704,0.00183502012710135,-0.0008598013825016348,-0.0006552228400474203,-0.000963647156111369
2024-03-12,-0.0025467288519080977,-0.01094062729637224,0.010757473089254121,0.00526161256540093,0.005435792312789234
2024-03-13,-0.001838724871432662,0.00700740378557585,-0.001567711923535109,-0.0007779535895984012,-0.00167611710269413
2024-03-14,-0.006343829139810464,-0.004175139558116325,-0.0019767003800039706,-0.00328832648776683,-0.0037235518839265676
2024-03-15,-0.00010301216218722153,-0.00319440663913817,-0.006866524332442836,-0.004808434520548466,-0.00416111946434059
2024-03-18,-0.001029794879058188,0.0016022835845583838,0.005943093761497487,0.003765790583664658,0.0031539383052752164
2024-03-19,0.002474228805413814,-0.0011498061737871268,0.0055572112941100205,0.0041157639251462545,0.004324018298631538
2024-03-20,0.0020568836876493357,0.011911859798154678,0.009249220034809102,0.007717399924353718,0.006372285495945196
2024-03-21,0.0007182978394471018,-0.0010386361790747367,0.0033047921201876385,0.002223825720076267,0.002270194407891424
2024-03-22,0.0031789839975764345,-0.00802096899240623,-0.0018958132164252905,-0.0012396294905229533,0.00013410566917539959
2024-03-25,-0.0018402451666494901,0.0031944066391380588,-0.002762833417446431,-0.0019364623490887467,-0.0023937981171276547
2024-03-26,0.0010242719829973712,0.003233961285236564,-0.0018469114792151187,-0.0006210283372168278,-0.0006984380943301227
2024-03-27,0.0032739381245820987,0.007240660177973313,0.008403743089054894,0.007004983556828537,0.006351821103265776
2024-03-28,-0.0012234846646930198,0.012900024807739996,-0.0001910389836942139,0.0008599559751995058,-0.0006040172560937363
2024-04-01,-0.007270849909491006,0.010208079384865787,-0.0017398714263895387,-0.001927820966039373,-0.003952262819630126
2024-04-02,-0.0007220264050182834,0.014772360490971526,-0.006358195852623538,-0.0028360978563627187,-0.004103728073581436
2024-04-03,0.0006191539014481773,0.008772374739768773,0.0010984750074132243,0.0017460347041575175,0.0009067465650272055
2024-04-04,0.0023728770178361724,-0.005734705223284009,-0.012205971246888159,-0.007914132578346661,-0.006374431940998426
2024-04-05,-0.004940173249394886,0.017114197447370305,0.010446857229074125,0.00726683363128649,0.00429204503768652
2024-04-08,-0.0009307294869770333,0.00622848536623688,0.0005594955339198737,0.0007538382619273476,-3.659447443888909e-05
2024-04-09,0.0034160854167133436,0.005497054993034878,0.0011565504851627217,0.002155484668837593,0.0020603644577829707
2024-04-10,-0.011968432167296372,-0.009463856185613961,-0.010013045196391235,-0.010446973038039792,-0.01079519998475329
2024-04-11,0.00020866025847432468,0.019433247203493043,0.007546862940373655,0.006900950696210761,0.004611581867613923
2024-04-12,0.0018794757104585447,-0.013239324939518515,-0.013803089030853033,-0.009826071436391687,-0.007530063134328402
2024-04-15,-0.006044300472358932,0.01871915519396472,-0.012528167471685281,-0.007782468455288695,-0.009934620671954742
2024-04-16,-0.002830772875512144,0.0012220152803359419,-0.0018237877465197005,-0.0017709537260822473,-0.002226581798116678
2024-04-17,0.0046263931326451235,-0.007368252752093185,-0.005918300379403552,-0.003427122238660346,-0.0017004229745840815
2024-04-18,-0.0028259113686969206,0.0034154561341945833,-0.0020576434444461444,-0.0017024004676447658,-0.002364950614146455
2024-04-19,0.0010495249824067354,0.003131535140574959,-0.008728209748580795,-0.005097801576918337,-0.004817115856185783
2024-04-22,0.0006291778043294727,-0.02470249054532203,0.009209006502668204,0.003672899623284498,0.005777075023332711
2024-04-23,0.0020954429889072923,-0.002458663172418052,0.011866637582815809,0.007991308858815294,0.007958159745252403
2024-04-24,-0.0026139799729242297,-0.0018600907225296837,-0.0004746523967652516,-0.0011480281233814393,-0.0013303834272288429
2024-04-25,-0.002830300416725051,0.005963468053189924,-0.0037988363571601624,-0.002580471931016376,-0.0034114219809861174
2024-04-26,0.0022077006148255585,0.003241927353549112,0.009473829213620055,0.007034106877914338,0.006567377774102256
2024-04-29,0.003042034498605517,-0.002031218037689575,0.003541489000252307,0.0028593546710464213,0.003341707199593591
2024-04-30,-0.004078776940171336,-0.019937078844561418,-0.01584116572162686,-0.013310159838556435,-0.01113621020904465
2024-05-01,0.003528681572331216,0.00906215232545482,-0.003247212585474224,-0.00032230255492995963,-0.0005368549223520478
2024-05-02,0.0045133684267857355,-0.0030870874411647042,0.009353450252192363,0.006899376026505,0.007417417522029712
2024-05-03,0.0051208402885767335,-0.0007976266365629092,0.012395270486213139,0.009257373224526433,0.009485498407158576
2024-05-06,0.0007273127795013323,0.010518361024399514,0.010326857473233364,0.007946121654916972,0.0064870395957405515
2024-05-07,0.0020776670410100895,-0.004600326433150892,0.0011034234216742433,0.0007766093410256913,0.0014931208694085817
2024-05-08,-0.0020733592907475895,-0.002941061869504713,9.666357929050129e-05,-0.0007496146830985428,-0.0007713455687247352
2024-05-09,0.0018698656165374583,0.015778607960932778,0.005761865049840331,0.0057905394826238575,0.004205065276519182
2024-05-10,-0.0020738759725652534,0.008112513438038427,0.0012879879473681743,0.0011299745164518428,-5.6757620605196735e-05
2024-05-13,0.0005196984012894035,-0.011202103844459854,0.00013442783505834832,-0.0009029076913357082,0.0002885360615507704
2024-05-14,0.0027001428731960875,0.008462045119477013,0.0045881622177876835,0.0045035456718087175,0.0038329544799510454
2024-05-15,0.006628547434679888,0.012838750510223873,0.012382947312628012,0.010989927662900568,0.010081187361448762
2024-05-16,-0.0011315417742406852,-0.0038933433506626036,-0.0020574030719894276,-0.0020095317754195595,-0.0016870585528899306
2024-05-17,-0.0031933714068331787,0.0164977725898805,0.001437543393062457,0.0017858376127703524,-0.0004148225268957974
2024-05-20,-0.0009300054948983005,0.004023937591649318,0.0011520539555727183,0.0009187274565626237,0.0003192301753843107
2024-05-21,0.0018618288443204012,-0.001469548604570936,0.0024524666807941298,0.001912605693139191,0.0022162115462046384
2024-05-22,-0.0012389988495934423,-0.01837396956557802,-0.002879278736429791,-0.004018677847635527,-0.0022231667816952514
2024-05-23,-0.0027911409345657834,-0.019944570339717638,-0.007304162035511652,-0.0074399475906957845,-0.005498953595133305
2024-05-24,0.0011405933527892653,0.0009271136061119734,0.0066163943999355546,0.004678516058766625,0.004426073981077038
2024-05-28,-0.004659607295287471,0.010513172896031486,0.0006988699333558834,0.00034068092246260516,-0.0014445209581014585
2024-05-29,-0.003848743343577543,-0.009303812074716977,-0.007002511477218976,-0.006444199503558418,-0.005741004223762402
2024-05-30,0.004699420824457512,0.0018967600627461945,-0.0066338162952711555,-0.0029474493795372536,-0.002100521447379688
2024-05-31,0.0032216398038913407,-0.00586417430627717,0.00910809425670367,0.006139253787202504,0.0067535124755787376
2024-06-03,0.006048964618196928,0.008917780500373507,0.0008153593738040588,0.002934002797559221,0.0029088014715612067
2024-06-04,0.003615765636502122,-0.008977059834655465,0.001118008704648954,0.000732941083681804,0.002117111477390221
2024-06-05,0.003087976243408397,0.011845603201319,0.011884942623392236,0.009681767086188953,0.0083661560713987
2024-06-06,0.0003077871692325207,0.007391356612921562,-1.8405780399799454e-05,0.0008041186963404168,0.0001120713994531286
2024-06-07,-0.008822511091796437,-0.03568330143379639,-0.0012158589936518416,-0.0065642662622024455,-0.00425851983290968
2024-06-10,-0.0008275867776460499,0.009168181127878317,0.003089653838339146,0.0027181964132967644,0.0015227575919450674
2024-06-11,0.003418348576993857,0.0028566106093961263,0.002408573271097225,0.0027058208314012736,0.0028124833934558783
2024-06-12,0.004748490371291103,0.0026617200115086614,0.00821287495450207,0.006791663314399988,0.006827121121217683
2024-06-13,0.005034044238897417,-0.008150148984962247,0.002013509852188289,0.0017522775651505173,0.00322172360687194
2024-06-14,0.001022559402578116,0.012959545903254766,0.0006085012219712027,0.0019471202352512873,0.000774124494213968
2024-06-17,-0.003574408794775774,-0.005191652247571676,0.007958827233005561,0.0037604702780025035,0.0033455328218930267
2024-06-18,0.003587231024900106,0.004007271832187298,0.0025406055795478277,0.002948928566149844,0.002959255757688739
2024-06-20,-0.0017359542772371617,0.012484347826456466,-0.0027164444541963872,-0.0009512426818912955,-0.0023242483834126967
2024-06-21,0.00010225243365047376,-0.015493238109986152,-0.0013407223559952497,-0.0023952302339829094,-0.0007635324401369603
2024-06-24,0.0008180210349240102,0.003957566385821121,-0.0032506251621496896,-0.0015126444580841837,-0.0016231666833202095
2024-06-25,-0.00010207327942035604,-0.004962237629221655,0.0038509844461762643,0.001981397807237317,0.002269761355937616
2024-06-26,-0.0044974723428949925,-0.009228168111804491,0.001248041585025339,-0.0012359578666377268,-0.0010501639861427937
2024-06-27,0.0016430274604788409,0.011336925587312363,0.001576461654494432,0.002569149499272327,0.0016030879768881958
2024-06-28,-0.004920826278037138,9.297647872519299e-05,-0.003935065191992049,-0.003778701296431597,-0.004329369626410085
2024-07-01,-0.00536312791637561,0.002604589701363791,0.002058023732368186,0.00025739241708179765,-0.0009104369271293324
2024-07-02,0.0033248449426555027,-4.643394389247657e-05,0.006729662300142714,0.005200848336367392,0.005367735357147829
2024-07-03,0.005384581916960451,0.011273000380832565,0.004462520721040919,0.005374083985999967,0.004831345199408732
2024-07-05,0.005046661240480255,0.013486798057397165,0.005766711601198793,0.006358707656638996,0.005478691456911378
2024-07-08,0.0003074451419327051,-0.012402074526820739,0.001153871456714528,-0.00041332972033445445,0.0008153009308017988
2024-07-09,-0.0009220519454070653,0.0016957473442755777,0.0009725096949979584,0.0005711930498244644,0.00021468503883594883
2024-07-10,0.0010255895884223598,0.0036603361122538036,0.00989528053077593,0.007054363353335325,0.006347404153834502
2024-07-11,0.0051217585084144535,0.017733403441032136,-0.008622564638903096,-0.0025508870440801856,-0.003124835379976076
2024-07-12,0.0027517781367980554,-0.0006270969301161999,0.006307401060414053,0.004725045530457029,0.004885151890967654
2024-07-15,-0.0034555802735027896,0.0032271131671974818,0.0027500647684435275,0.0012463583478323436,0.00026780675166500063
2024-07-16,0.004079505473017608,0.019925798233449088,0.005930115520199175,0.006867031279728775,0.005189871501326548
2024-07-17,0.0007110044426390516,-0.004643206403117217,-0.014021128145545458,-0.009400302824256506,-0.008128275110271654
2024-07-18,-0.0027405212822767533,-0.006381186355259194,-0.00768464289744919,-0.006318266839437081,-0.005706994251380215
2024-07-19,-0.0020356006145847427,-0.017937829186174925,-0.006640753333208238,-0.006619172738849034,-0.00479869224575884
2024-07-22,-0.000408018296292445,0.00031573231212611574,0.010309968244979206,0.006631048016375984,0.006022773628470546
2024-07-23,-0.0001019191295852373,0.003516676143213937,-0.001568506940001102,-0.0006933416790756319,-0.0009818718158347561
2024-07-24,-0.0030613594516920584,-0.0035043524704835294,-0.022662757516719534,-0.015846567495839063,-0.014822198290708544
2024-07-25,0.0027636076464145898,-0.01564473026582147,-0.005210194216618613,-0.004260197355780598,-0.002020673471405332
2024-07-26,0.0035724398849055206,0.010534525866662925,0.011199785362203674,0.00922642304332506,0.008148847171284413
2024-07-29,0.001627591493114977,-0.0014050562105476505,0.0005876871452474841,0.0006483888966348438,0.0010036488843944813
2024-07-30,0.0010150858160242748,0.009985461488319247,-0.0050666703674219216,-0.0020410181359862556,-0.0026339678940434427
2024-07-31,0.005376546059170595,0.018110725786084414,0.016254849555002338,0.01372086130415261,0.011903528156669639
2024-08-01,0.004190114386360966,-0.003442943141866439,-0.0141609832922176,-0.008501404857537842,-0.006820544220786174
2024-08-02,0.011187085160609511,-0.0019046282784819235,-0.018618371424376612,-0.009495632963540612,-0.006696188790382162
2024-08-05,-0.0007973563149729079,-0.012691935106198704,-0.029123751439333545,-0.020398971024929904,-0.01779319338958929
2024-08-06,-0.005984861921847551,-0.008000713832612472,0.009219487047082087,0.003696379716880222,0.003137747459510231
2024-08-07,-0.0030104896124402147,-0.0006796279952806517,-0.006684045176147402,-0.00516521456713393,-0.005214622950664527
2024-08-08,-0.0015097900133722586,0.015688013635013043,0.023117484375161812,0.01621771870401342,0.013266574619748183
2024-08-09,0.0035280867128761884,0.0024552612171107047,0.004409574868284416,0.0039937714643149885,0.004056979606121124
2024-08-12,0.0017076578843469026,0.017144665770273848,0.0005255223572662171,0.0024829705803371513,0.0009983765680984915
2024-08-13,0.004011251859897369,-0.001532358906807807,0.01644549418204444,0.011539148292622448,0.011471797253185612
2024-08-14,0.0017977318136024323,-0.008155751250824572,0.0031548955749161056,0.0016845399520136195,0.0026120300703906365
2024-08-15,-0.004187372714136495,0.0031388449312386157,0.017140163092787875,0.010408147324901857,0.008609148770018126
2024-08-16,0.002402928899560841,0.02238773852658915,0.0022421066199815876,0.004296875380537158,0.0023064355318132886
2024-08-19,0.0010985817323889702,-0.0016380226467286318,0.00956131738916266,0.006325699471380109,0.006176223126453184
2024-08-20,0.002993399720448542,0.0036699887797402297,-0.0016260605567995912,5.840944616642427e-05,0.00022172355409966215
2024-08-21,0.0018897885215480859,-0.0013336178629832496,0.003436571382049669,0.0025728567424209816,0.002817858237849036
2024-08-22,-0.004070956211167043,-0.011975011209935604,-0.007848624874648658,-0.007316846342306949,-0.006337557409256012
2024-08-23,0.00458596125283206,0.011553425520716143,0.010625499446326403,0.009208407505391793,0.008209684168928665
2024-08-26,-0.0008930269390846624,0.0031893380775307456,-0.002384141292326891,-0.0014540147670305701,-0.0017876955510299998
2024-08-27,0.00029796912336066406,0.002706671669018279,0.0013734053813156955,0.0012378729455971961,0.0009432308781336828
2024-08-28,-0.0008937232891975677,-0.007026862307456638,-0.005805296430382967,-0.004699559732793984,-0.003840667173908807
2024-08-29,-0.0012919695748734306,0.005177980359189593,8.941711011511977e-05,0.0002529267637754296,-0.0004631375638803004
2024-08-30,-0.0023883425357520416,-0.0071260085162319076,0.009546185515074246,0.004895334099237059,0.0047723742947437305
2024-09-03,0.004222820936868432,-0.0043235765879541255,-0.020578915993978097,-0.012752947820664067,-0.010658221221639485
2024-09-04,0.004384070817416985,0.000607926500195255,-0.0020468306153167415,-0.00017362954558211032,0.0005255299577767492
2024-09-05,0.0025793204907635925,0.008332306942507639,-0.0024324071157065807,-0.00010300380826761533,-0.00042771607311851154
2024-09-06,0.001286587327114841,-0.007402630408956501,-0.016829864839286723,-0.01135802835465331,-0.009583283972726097
2024-09-09,0.0014822901153936918,0.004205876079289794,0.011195904039072557,0.008068497762174564,0.0073104584696010114
2024-09-10,0.003058968592173361,0.004404097525005923,0.00435591585377737,0.0040364972054992235,0.0038371369491357666
2024-09-11,-0.00029518143104212413,-0.001590555949419148,0.010258962261036064,0.006435474516970996,0.006037304784204789
2024-09-12,-0.0008857245595577101,0.017567284525531468,0.008423121701785385,0.00701032641882422,0.004699583197248147
2024-09-13,0.0020685498733876706,0.009943683944142245,0.005222783247845975,0.004906314973861026,0.003961089898062653
2024-09-16,0.0023589567640851516,-8.374817448153493e-05,0.0014767045220198671,0.001541222312886048,0.0018296054188459811
2024-09-17,-0.0009809968377963996,-0.0055309113549146804,0.0004088446314913785,-0.0005325913344711719,-0.00014709195622373276
2024-09-18,-0.0031407658446676034,-0.007710465405288858,-0.002966046918579046,-0.003484168498772167,-0.0030359344890144692
2024-09-19,9.872478455252853e-05,0.01554075728197235,0.01706449392421927,0.012670677975077893,0.010278186268352574
2024-09-20,-0.0008860791889604425,0.012710660066880486,-0.001728493464093095,-7.397454221257354e-05,-0.001391527754040034
2024-09-23,-0.0003942345153782334,0.0019404068737312041,0.0024987947776549113,0.0017196986640042543,0.0013415830604416533
2024-09-24,0.001380039587058679,0.01396907347432852,0.002861268497158287,0.0036017417673504084,0.0022687769331184438
2024-09-25,-0.0038391907299848427,-0.001381767735031958,-0.0022054649913506585,-0.0025315267003773343,-0.0028589552868043323
2024-09-26,0.0001973559682686421,0.005086884066794806,0.0039645812385114,0.003135005203779051,0.0024576911304142967
2024-09-27,0.002865499827266138,-0.007935830791900744,-0.0014502902539623719,-0.0010198967874490818,0.0002760257785290322
2024-09-30,-0.002265995570125412,-0.007999374253898295,0.004007306781378839,0.001238313089975063,0.0014979858407771383
2024-10-01,0.002644518326569756,0.010491249392624136,-0.008958387433809278,-0.004112697311071179,-0.004317225129657664
2024-10-02,-0.0020747297702672363,0.00020358719772617384,0.0004220736754632082,-0.0002239758337431063,-0.0005766477028289696
2024-10-03,-0.004058320387499537,-0.0006920058878576718,-0.0018282872845175602,-0.0022721674205970653,-0.002720300525710351
2024-10-04,-0.006460682380597937,-0.001996030315693287,0.009087314968778681,0.00409198110298733,0.002868116029028034
2024-10-07,-0.003401348506368862,-0.0033877625757333663,-0.00904048416232972,-0.007065428089679871,-0.006784829899945377
2024-10-08,0.0017065611677555825,-0.007371925565205384,0.009457771821669514,0.005836999419503542,0.006357287560103941
2024-10-09,-0.002605772421568564,-0.005446185963701722,0.006926373524267282,0.0033060810890114204,0.003113515145932943
2024-10-10,-0.0006025152552746604,0.007342892553628744,-0.0017501446222122352,-0.0005539335628937435,-0.0012910928754372053
2024-10-11,0.0003016460262044163,0.010913408354139564,0.005988126241714964,0.005059034399079787,0.003713534155510745
2024-10-14,-0.0009045825041671396,-0.001629502157067031,0.008178563713568066,0.0049269705720707555,0.004545305226473983
2024-10-15,0.004023657297416161,0.003468359323146597,-0.007769602322363345,-0.003697491252867474,-0.0030522984744515425
2024-10-16,0.0013024603815390279,0.005001609209081437,0.004346198671580703,0.003650805152820358,0.003128703355564033
2024-10-17,-0.004903001912499261,0.00598831083503093,8.60044084747269e-05,-0.0005710165291131496,-0.0019095981199148682
2024-10-18,0.000703927242265534,0.010618185005034864,0.003846440996529976,0.0037379869588143547,0.002589435494824199
2024-10-21,-0.006933299031133711,-0.00019900127714245208,-0.001642173469649788,-0.002820637640770035,-0.0037586236942433572
2024-10-22,0.00020228864208382547,0.01078732362833379,-0.0005312863972004589,0.0007839683651740371,-0.00023785638148674513
2024-10-23,-0.0025289289159987627,-0.012050555849465017,-0.0091374735403561,-0.0077766456151776575,-0.006494055690613166
2024-10-24,0.0019269756820075035,0.007693259346016168,0.0021630183670660053,0.0026570317936963966,0.0020686012930426047
2024-10-25,-0.00202462141511639,0.0020569789010425055,-0.00034551232929502795,-0.0005250404777166151,-0.001017155963623573
2024-10-28,-0.001622916299143351,3.945407605776552e-05,0.0030914301936280086,0.0016076459586781445,0.0012056915965194647
2024-10-29,0.0011175268837515517,0.010894858433216914,0.0016183796278272933,0.00242081432234732,0.0014180385301969965
2024-10-30,-0.0010146704329060396,0.005505891218995584,-0.0030253162524023214,-0.0016695340503884606,-0.0022210579246038087
2024-10-31,-0.00020325721356262427,-0.015495166963743978,-0.01960308836489222,-0.014342338436944997,-0.01184315590436038
2024-11-01,-0.0039751049574665576,-0.0041023758773532926,0.00422069834587524,0.0013394400977169375,0.0009423770245385208
2024-11-04,0.004195415080800569,0.0014259144001700363,-0.002154001450108689,-0.00020865573235350214,0.00038576516225501405
2024-11-05,0.0023443104171210205,0.002254447895034817,0.01209192288192118,0.008671272267032504,0.008192877896001115
2024-11-06,-0.007828359913280791,-0.030386729020158154,0.02486537443550252,0.011166730502740623,0.011787880695989194
2024-11-07,0.007582461559509923,0.016076503855530166,0.007732061978746874,0.008529106061615966,0.0076722218110520934
2024-11-08,0.0017289254422692135,-0.006769426092267161,0.004331712096133478,0.002570901613827348,0.0032905974345877717
2024-11-11,-0.0022334243139010557,-0.02347155656813127,0.0009529899591387281,-0.0022860682618482176,-0.0003215757500771854
2024-11-12,-0.00579992394499973,-0.008631355179477884,-0.00310644007127725,-0.004332302550527934,-0.004183833620766242
2024-11-13,-0.0002048862130296092,-0.010081225320474285,0.0004857686989643284,-0.0007435944309780175,0.00020950673416675333
2024-11-14,-0.00040901687438066325,-0.0026091417886487944,-0.006429998524105307,-0.0045426674381284955,-0.004021605864215449
2024-11-15,0.0001022960594097011,-0.0017720694429753658,-0.012808639480448747,-0.008477248591736798,-0.007644265264505367
2024-11-18,0.0009216620821501653,0.019020246289590537,0.0040973033512390344,0.004795687327801968,0.002827046843603487
2024-11-19,0.001432106057567717,0.008959325127211537,0.0036553686844147393,0.0036299486719826636,0.0027660636336759303
2024-11-20,-0.0010215418571183355,0.005632045702723465,0.0003389332950363144,0.000528125747766367,-0.00020525676582554554
2024-11-21,-0.0005113351693427637,0.008339500390982302,0.005368352731534021,0.004195545522259652,0.003016477571183307
2024-11-22,0.000716084436205966,0.012892210445830665,0.00309939412825333,0.0034828483369992226,0.002146070251434384
2024-11-25,0.008997056293985839,-0.029458856541118794,0.003392105066349016,0.0015082467125114405,0.005634085557403745
2024-11-26,-0.001519850170645598,0.0019383092584315254,0.005221484926557496,0.0032078335854441252,0.0025249508876762582
2024-11-27,0.0027398778906668753,0.002222714763140843,-0.0030300880829671195,-0.0010623163049478248,-0.0007221016935135215
2024-11-29,0.003947110462818371,0.008624546377060671,0.006211945721408041,0.005886996972325887,0.005306011617972173
2024-12-02,0.0001214490316279182,-0.008754403389975018,0.0017925343116806935,0.00032006922150192864,0.0011241001996595832
2024-12-03,-0.0019212904140983866,0.002012776164397767,0.00046384223378992395,2.245246487863066e-05,-0.0004902108253654003
2024-12-04,0.0032418031850027784,0.003033679807253664,0.0062095099785566266,0.005150000263037869,0.005022427261135087
2024-12-05,0.00020201474831504918,-0.007397709454119217,-0.0016456369760092793,-0.001758931292739191,-0.0009065762862795479
2024-12-06,0.00282705747648615,0.0003705687954560499,0.0018956944029322464,0.001976022610573103,0.002268239632353808
2024-12-09,-0.0029197488821717243,0.009919751769426055,-0.005149775023360559,-0.003085315808784689,-0.004257764566885025
2024-12-10,-0.0012113881881272714,0.01316431251835759,-0.0031090940537520373,-0.001007326930134883,-0.002350011707502131
2024-12-11,-0.002325380349610384,0.009533812345188464,0.007730843674105259,0.005397084535284669,0.0037083540646190016
2024-12-12,-0.00405322005170905,-0.014663722649505995,-0.005152741655185644,-0.00582895935374853,-0.004712933013795006
2024-12-13,-0.003764204037409291,-0.012091578404740733,-0.0001987212370850866,-0.0022793776539317026,-0.0016249143572147685
2024-12-16,0.0009190790473938559,0.002415209844427002,0.004270056870518513,0.003246827712128198,0.00292966574126865
2024-12-17,0.0,-0.0038386247250202787,-0.004120094133105434,-0.00306192365902056,-0.0024720564798632605
2024-12-18,-0.007615479035035677,-0.01918507783771317,-0.029803361147563545,-0.023194562288446543,-0.020928208302552397
2024-12-19,-0.002578734880854472,0.0014210967336203417,-0.0003072589937267445,-0.0007022923927739677,-0.0012158493485778356
2024-12-20,0.0026887202685939027,0.010434056495473909,0.012011121262937685,0.009522814537605362,0.008282160865200172
2024-12-23,-0.003094011713590694,-0.004708795377563968,0.005988313845908255,0.0026480215336862956,0.0023553836221086753
2024-12-24,0.0011377305685398298,0.001992014086009908,0.011114993282984376,0.007708379684675793,0.007124088197206557
2024-12-26,0.0007236315948013772,0.006751179863859091,6.659179477574995e-05,0.000899310551690491,0.0003294077147860009
2024-12-27,-0.0020653145306653853,-0.0068705038771271765,-0.01052648096742248,-0.008045591649203676,-0.007142014392719642
2024-12-30,0.003932159849537209,-0.0031896811646235923,-0.011411585176906436,-0.00675345851906724,-0.005274087166328978
2024-12-31,-0.0012369064805970442,0.006233636577161361,-0.00363813553785719,-0.002050651062040299,-0.0026776439149531314
2025-01-02,0.00010310507752975262,0.013587714119632333,-0.002457018332623462,-0.00021251423485957864,-0.001432968968562176
2025-01-03,-0.001031617200392021,-0.007864039973028869,0.012503510745669022,0.007082973687283973,0.007089459567244604
2025-01-06,-0.0010332717719411244,-0.0012320959587239777,0.00576050990496646,0.00336280389937052,0.003042997234203426
2025-01-07,-0.0035156623592317304,0.005633435188264313,-0.011304045433904064,-0.007663201603019143,-0.00818869220403513
2025-01-08,0.0011416618812027934,0.005315681488123669,0.0014610115160782478,0.0017666411045639263,0.001333271662128066
2025-01-10,-0.005597063461146634,0.009558310004399662,-0.015267427998534089,-0.01036726306389385,-0.011399282183579107
2025-01-13,-0.0009381652681109687,-0.009951255605703757,0.00155047779484363,-0.00022185631094975844,0.0005550205696617904
2025-01-14,0.0003128737161761652,0.005249423200524461,0.001375843498309326,0.0014974590229975492,0.0009506555854560617
2025-01-15,0.008656666791890366,0.007488993695735191,0.018190030783588274,0.014736586076878489,0.014376685186909112
2025-01-16,0.0021716516543339726,0.006910965874952435,-0.0019231018964384061,-1.6006731606227472e-05,-0.00028520047612945454
2025-01-17,0.0,-0.005307269747253374,0.010040006199192764,0.005995277054749959,0.006024003719515658
2025-01-21,0.0033016242760486314,0.01548521901629396,0.00915337560722529,0.008323622115337992,0.006812675074754626
2025-01-22,-0.0023653040468287756,0.005135652699768123,0.005621641275482148,0.0035763060873330145,0.002426863146557778
2025-01-23,-0.0016493227645855146,-0.0014148699521492336,0.005457955612408583,0.0029938534617042767,0.0026150442616109434
2025-01-24,0.0016520475241752486,0.006218705580030903,-0.002919264959769352,-0.0008626397848031763,-0.0010907399661915116
2025-01-27,0.005566317324525283,-0.0104048052682425,-0.014145458332822769,-0.00884344911202773,-0.006260748069883547
2025-01-28,-0.000307504847524509,0.008656417783572623,0.008592523358097237,0.00637390574923934,0.005032512075848539
2025-01-29,-0.000615365999875328,-0.0038404097330004827,-0.004483069391403416,-0.0034518775776811008,-0.0029359880347921805
2025-01-30,0.0014367659913485653,0.01514551884715587,0.005367289131639197,0.005362481318118206,0.0037950798755229443
2025-01-31,-0.002049232170415194,0.0019763991077348386,-0.0053221157457056245,-0.0037740433665389705,-0.004012962315589452
2025-02-03,0.0009475292202951735,0.005337271410283728,-0.006729450249601476,-0.003603533216138794,-0.003658658461642816
2025-02-04,0.0018525572403240709,0.00984841707528572,0.00670816138345165,0.005808285916853163,0.004765919726200617
2025-02-05,0.005341648404513899,0.006209542410714253,0.004054629802519472,0.004591875713837557,0.004569437243317242
2025-02-06,-0.0010219384813615617,-0.0026502562908058414,0.0034756291897781733,0.0017386487239348383,0.001676602121322279
2025-02-07,-0.00317063536073392,0.0017841598670260694,-0.00915361540214743,-0.006564092864876703,-0.006760423385582026
2025-02-10,0.00030777131316339634,0.016938239196991,0.006791224986284927,0.006185062989075152,0.0041978435170363145
2025-02-11,-0.002256461833852641,-0.0036516022155236305,0.0007606438304508245,-0.00043485719022248737,-0.00044619843527056175
2025-02-12,-0.0052431666652471565,0.0010471549570203464,-0.0032215873014570517,-0.0033001079165568383,-0.004030219046973094
2025-02-13,0.00599396272320285,0.009862831092105617,0.010557604278849553,0.009347216571263483,0.008732147656590871
2025-02-14,0.003698393402152389,-0.014871773334245608,-4.9380599289050586e-05,-0.0005946763724243465,0.0014497290012875253
2025-02-18,-0.0039916978670042624,0.01656090548123368,0.002935999786583876,0.002566565942651822,0.00016492072514862044
2025-02-19,0.001438563569861273,0.000554096378723612,0.0023548173146026308,0.0019456817848293895,0.001988315816706088
2025-02-20,0.0015395147965449052,0.0005168326664386491,-0.004160245253420958,-0.0022675974489435313,-0.0018803412334346126
2025-02-21,0.004303033344326579,-0.0009225433005247696,-0.01710420955110392,-0.01013423220218838,-0.00854131239293172
2025-02-24,0.0017344880898539916,0.005429568123388684,-0.004550303860628713,-0.001981118674606297,-0.002036387080435631
2025-02-25,0.006212483598788454,-0.013188334192659745,-0.004973182941032439,-0.0029982814312399463,-0.0004989163251040815
2025-02-26,0.00161934879291592,0.0015263333689308212,0.0005049020314549235,0.0008856568555677624,0.0009506807360393221
2025-02-27,-0.0015156953300545783,-0.015239958822878874,-0.01596211835726624,-0.01227829664702459,-0.010183549146381575
2025-02-28,0.004452881866411129,-0.006265820058134697,0.015605704427724687,0.010630346338810359,0.011144575403199264
2025-03-03,0.0021630090991069384,0.013180390342641513,-0.017519873186066404,-0.009529126261902277,-0.009646720271997066
2025-03-04,-0.0025213167878247456,0.008697635934455272,-0.011836973076626123,-0.00745459810331764,-0.008110710561105572
2025-03-05,-0.003437383187669396,0.0020813110966888537,0.010747839611165988,0.0063348810600094285,0.005073750491631834
2025-03-06,-0.0010146948382493415,-0.005081207410422395,-0.017751050248379863,-0.012299977112051485,-0.011056508084327654
2025-03-07,-0.0012185909999419264,0.0005219558189655249,0.005604776840324233,0.003390652778121822,0.002875429704217769
2025-03-10,0.0047789604219414805,-0.008755937163287819,-0.026635511651277977,-0.016993936184174097,-0.014069722821990193
2025-03-11,-0.003541955779715389,0.011727541035094546,-0.008313000999340847,-0.005116185490990943,-0.006404582911490664
2025-03-12,-0.002944880281390172,0.004346793335703092,0.005306488547146326,0.0031476768188678783,0.002005941015731727
2025-03-13,0.0030556816957820754,0.017756144523255468,-0.0133303267293573,-0.00612517749781118,-0.006775923359301549
2025-03-14,-0.0020309975231055377,0.00039975774946587883,0.02065567864541107,0.012958417513687398,0.011581008178004426
2025-03-17,0.0013226991202246463,0.0054135329342379634,0.007711558248340689,0.005884540934901405,0.005156014597094272
2025-03-18,0.0010162624203338133,0.011671955843306048,-0.010808596175216012,-0.00560432632447635,-0.006078652736996082
2025-03-19,0.0029438483974792984,0.004107707999658539,0.010890956650734918,0.008225854722313375,0.00771211334943267
2025-03-20,0.0006073012858560656,-0.0012805854303336028,-0.0028919175507399197,-0.001855979629550292,-0.0014922300161015255
2025-03-21,-0.0012138653896999196,-0.008049901213267985,0.00033000177186570667,-0.0008939553170390692,-0.0002875450927605439
2025-03-24,-0.0038484147103126087,-0.004452548665506595,0.01790848775160092,0.010233158494411787,0.00920572676683551
2025-03-25,0.0009148622429693276,0.004400365088198743,0.0024039293468809397,0.0022313061450348172,0.0018083025053162948
2025-03-26,-0.0024379236664476833,-0.0008259812019960622,-0.011938334576674592,-0.008451996511650012,-0.008138170212583827
2025-03-27,-0.000508877488156978,0.013405732882559862,-0.0026556270261320902,-0.000512803650769117,-0.0017969272109420453
2025-03-28,0.005806895682435975,0.007412123023167849,-0.020138537578850313,-0.010897113203326925,-0.009760364274335796
2025-03-31,0.0019243200825924678,0.014363222998346137,0.006712801372924737,0.006280723212883811,0.004797408856791829
2025-04-01,0.0037018449304910828,-0.0019782303576065807,0.002824553701041621,0.0025635981025391667,0.0031754701928214057
2025-04-02,-0.0011115221516602158,0.0020516615880092903,0.006328298292829215,0.004040679511224865,0.0033523701150334428
2025-04-03,0.005260560249544133,-0.006038278082531101,-0.04928069685329273,-0.03132114070050735,-0.027464194012157984
2025-04-04,0.0009057560504617257,-0.02339226273628292,-0.05854299254528794,-0.040165732415450024,-0.03476349310698808
2025-04-07,-0.01266846041852654,-0.02148580630415131,-0.0017811884523963872,-0.006473468229104418,-0.006136097238848448
2025-04-08,-0.005193386457811311,0.005443793790763651,-0.015662815673295305,-0.010934797423018412,-0.011475043987101707
2025-04-09,0.0022521093490792676,0.03699125081478161,0.10501944686832076,0.07252479288315647,0.06391251186062416
2025-04-10,-0.007864588193283728,0.0244235794430141,-0.043819062573260736,-0.028006179776639002,-0.02943727282126993
2025-04-11,-0.001029323634920698,0.019086664805096243,0.01784277577362925,0.013249139824638463,0.01029393601020927
2025-04-14,0.005873747366652582,-0.005705977012200658,0.00970139106478829,0.007203743332555469,0.008170333585534005
2025-04-15,0.0020491481354760754,0.005232379352138938,-0.0028007924327630995,-0.000784990112213102,-0.0008608162054674293
2025-04-16,0.0031693007644064686,0.0325408102664011,-0.022228078391931083,-0.010401844737013478,-0.012069126729396062
2025-04-17,-0.002547730673923887,-0.004390692094044635,0.0014267172797870487,-0.0001486356460238535,-0.0001630619016973258
2025-04-21,-0.006028609050978573,0.03093558529908469,-0.023802651133915886,-0.013885316969881501,-0.01669303430074096
2025-04-22,0.001850431322067747,-0.014195668551963636,0.026017821531153285,0.01595462497057021,0.01635086544751907
2025-04-23,0.002462546715679581,-0.023978630729734163,0.015495480308824972,0.008289835806682709,0.010282306871566815
2025-04-24,0.005527098668888453,0.014556277018207942,0.021048912949868326,0.01651919578645732,0.014840187237476377
2025-04-25,0.003664533280536064,-0.010841679678267213,0.007225311311978455,0.004528417705093291,0.005801000099401499
2025-04-28,0.002738487910373122,0.01424210344049559,0.0003813851666460977,0.0023567326799628033,0.0013242262641369074
2025-04-29,0.0024272643127167814,-0.009738925467677184,0.006299276475910887,0.0037274532407535537,0.0047504716106332445
2025-04-30,-0.0009082135139695247,-0.007482221012837353,0.00039694175083582195,-0.0007172633417328322,-0.00012512035508631674
2025-05-01,-0.002725405715657825,-0.02077228754256477,0.0070868680708551235,0.001847884062884897,0.003161958556249944
2025-05-02,-0.004876441709538271,0.0017481999132260562,0.014844247338807959,0.00860447033416321,0.0069559717194694675
2025-05-05,-0.001735724560699592,0.029867754776654154,-0.005734324171199123,-0.0011744663737889125,-0.004134884326999311
2025-05-06,0.0024545114461731465,0.02802400275899264,-0.008358325676825262,-0.0020168835524938702,-0.004033190827625898
2025-05-07,0.0015302929641896057,-0.014993060801348546,0.004205416334334133,0.0016167877782297334,0.0031353669862763224
2025-05-08,-0.005195013357517042,-0.0196942722998793,0.006967762571935099,0.0012608651023906232,0.0021026522001542426
2025-05-09,0.0010241481666364294,0.007254674259445482,-0.0012742213508586397,0.00015326058954553978,-0.000354873543860612
2025-05-12,-0.00337582797233571,-0.028190568373488878,0.03304754271395138,0.017817888933635583,0.018478194439436546
2025-05-13,-0.0010263181665581822,0.004258992599597278,0.0066040731540844,0.004461967268475042,0.003551916625827367
2025-05-14,-0.0028768085228779716,-0.021037827999516923,0.0012778714349117593,-0.0019923684979785417,-0.00038400054820413303
2025-05-15,0.005667100297761518,0.015963953531585195,0.004884179799500954,0.006187887297274519,0.005197347998805179
2025-05-16,0.0006148007490034413,-0.012087047232674286,0.006334149416617141,0.0030621925847845737,0.004046409949571661
2025-05-19,-0.00030717031395377514,0.012880671121226372,0.0010938196429841618,0.0019222573015738988,0.000533423660208987
2025-05-20,-0.0017412490124517621,0.0186222454642182,-0.003362153676216839,-0.0007584875962320659,-0.0027137918107108085
2025-05-21,-0.006566744124466006,0.007378683875855163,-0.016850879747133396,-0.011856889479167692,-0.01273722549806644
2025-05-22,0.0028919619642939765,-0.008861493387459118,0.00039481431886834173,9.347045959200438e-05,0.0013936733770385957
2025-05-23,0.0014418113186538406,0.021906288045034472,-0.006825745108989145,-0.001885652686676037,-0.003518722537931951
2025-05-27,0.004524871155545229,-0.016949152542372836,0.02079036186505223,0.012950037746932975,0.01428416558124943
2025-05-28,-0.0018428091078386277,-0.0022660178699712707,-0.005785243550848529,-0.004447712372008328,-0.004208269773644568
2025-05-29,0.003692257628657991,0.0059247154716217665,0.003947442276660329,0.0040813734341558884,0.003845368417459394
2025-05-30,0.0024524226068431965,-0.006576942326457891,-0.0011187157206464793,-0.0007717537993552016,0.0003097396103493912
2025-06-02,-0.002628225634441761,0.026581051258171673,0.005633132505575178,0.005662584845830593,0.0023285892495684022
2025-06-03,-0.0007179451508650958,-0.008855551213511115,0.005702557269405606,0.0026416208160462583,0.0031343563012973252
2025-06-04,0.005951904419349452,0.006441974072654677,-0.00026851243178294126,0.001957640431443919,0.0022196543086700164
2025-06-05,-0.0025502828172037084,-0.00504987891618125,-0.004832756264298466,-0.004283850167713055,-0.003919766885460562
2025-06-06,-0.005113606777907065,-0.013416073696802311,0.010269135339138424,0.0040549289062829785,0.004116038492320229
2025-06-09,0.0012337879366712823,0.004718534884218695,0.0009012286833693928,0.0013660991167797954,0.0010342523846901485
2025-06-10,0.002258649581593719,0.000293510988597534,0.005669717805285801,0.004279330067693954,0.004305290515808968
2025-06-11,0.003380462573966403,0.005412290790508978,-0.0028521799815779403,-0.00046757226548316266,-0.00035912295936020295
2025-06-12,0.0036751445917597714,0.0124202002480438,0.003974481637680771,0.004744219237236824,0.0038547468193123715
2025-06-13,-0.0035601460042374855,0.013100564311248064,-0.0111801611547373,-0.00684708482051381,-0.008132155094537375
2025-06-16,-0.0020415207438789773,-0.01425909653729851,0.009514239842613348,0.004247966057999081,0.004891935608016418
2025-06-17,0.0030685456153458635,0.0005131941200071655,-0.0085450687006845,-0.004735838839607742,-0.0038996229742723544
2025-06-18,0.000713828168068309,-0.005385627565021256,-0.0001508166576998926,-0.00045813654198997855,0.00019504127260738804
2025-06-20,0.0009173461853857479,-0.00041901914110908933,-0.002348474253184407,-0.0013390736323343367,-0.001042146077756345
2025-06-23,0.0020360347372456733,0.0030631724583116693,0.009877485739587577,0.00723569166087451,0.006740905338650815
2025-06-24,0.004064447191189258,-0.015719378751237634,0.011047288866202987,0.006624911685705493,0.008254152196197495
2025-06-25,-0.00010134185048438216,0.003037305817845004,0.000560282661534961,0.0006425788491611296,0.00029563285672722366
2025-06-26,0.002732693394900787,-0.0011070472235482631,0.007823809728070064,0.005657944949615912,0.005787363194802352
2025-06-27,-0.002825998343131908,-0.018123728993798327,0.0049683222933454285,0.0007105370055117189,0.0018505940387544936
2025-06-30,0.0040484890272198815,0.01198454729743359,0.004781279687299023,0.005318408783292695,0.004488163423267366
2025-07-01,-0.0009202220430724051,0.008923010663382636,-0.0003237141327537829,0.00045183136928020345,-0.0005623172968812317
2025-07-02,-0.0012148249089912744,0.005527596405484614,0.004533365492089381,0.0031957409831587405,0.0022340893316571183
2025-07-03,-0.00202679283726126,-0.006822911403597365,0.007881299997254843,0.003933855648540596,0.003918062863448401
2025-07-07,-0.0035545372782848084,0.000748780548875283,-0.007451971921066947,-0.005657538013377189,-0.005892998063954091
2025-07-08,-0.00040759817076063687,-0.010443411868664265,-0.0005477352950125081,-0.001502268671314716,-0.0004916804453117596
2025-07-09,0.004180155255226303,0.004471282664348264,0.00599675555837198,0.00539005819318319,0.0052701154371137095
2025-07-10,-0.0003044690654316895,0.0022257895319868215,0.0028202579962521845,0.0019796293844046796,0.001570367171578635
2025-07-11,-0.004164184458273268,0.009601575193336043,-0.003515605355253415,-0.0023660320761494324,-0.003775036996461356
2025-07-14,-0.00010189077488265141,-0.0036553174266280575,0.0019083822163517006,0.0008494440042451368,0.00110427301985796
2025-07-15,-0.0029579868048598135,-0.004155705135267751,-0.004273310535627517,-0.003932719062899615,-0.0037471810433204354
2025-07-16,0.0014321568432502652,0.004988096125243757,0.0033432733845384366,0.0030299765232869257,0.002578826768023168
2025-07-17,0.0004086374777310109,-0.0021735334020257513,0.006119538410830128,0.0038625059962697607,0.0038351780375904805
2025-07-18,0.0018379951073306255,0.002600924347578637,-0.0007322363413652111,0.00024363758970313295,0.0002958562381131236
2025-07-21,0.0027520568127885614,0.015370115792427752,0.0018960449732978724,0.0034574550150835324,0.002238449709094148
2025-07-22,0.001931380662585358,0.009484882235462067,0.0001431954391026835,0.0015244104246092904,0.0008584695284957533
2025-07-23,-0.0022322038500772745,-0.01240118112003663,0.008507476351847565,0.0037316905541779355,0.004211604271077629
2025-07-24,-0.0006098862686036988,-0.006118276977772341,0.00033102965109055305,-0.0005491299917192993,-4.533671678714769e-05
2025-07-25,0.0016276540347637258,-0.0092499926477293,0.004224338152491125,0.002227734043037233,0.0031856645054001652
2025-07-28,-0.001320335100788772,-0.00647361832754334,-0.0002511658677887274,-0.0011407034220142,-0.0006788335609887453
2025-07-29,0.005390584044427271,0.002750389076383808,-0.0026375650574512743,-9.173236859812985e-05,0.0005736945833001441
2025-07-30,-0.0028324399757926333,-0.017273497289540862,-0.0012593696215839056,-0.0032540499769317835,-0.0018885977632673969
2025-07-31,0.0005072527165304042,0.0066454015709211944,-0.003751164153554032,-0.0016469033635854,-0.0020477974055202576
2025-08-01,0.008647774977614375,0.020299689958884537,-0.01639041762130744,-0.00646185871355779,-0.006375140581738712
2025-08-04,0.0008069215761090653,0.005823229257701401,0.015199664900845011,0.010663835505346666,0.009442567570950631
2025-08-05,0.00030250214553340093,0.0008040912066364925,-0.005069926839315064,-0.0031394177885077923,-0.0029209552453756784
2025-08-06,-0.00040313396326996376,-0.00212110700071233,0.007659857740445197,0.004666013340400654,0.004434661058959133
2025-08-07,-0.0008065128016343515,0.008437987494967825,-0.0008377338742812102,9.76435308054081e-05,-0.0008252454452224667
2025-08-08,-0.0019165419158669872,-0.00022357985855403495,0.007797554830949682,0.004566917175295144,0.0039119161322230134
2025-08-11,0.0007075943169927434,-0.014374701087597641,-0.0019774044951013092,-0.0025458844513274294,-0.000903404970263688
2025-08-12,0.0,-0.0009074665058316222,0.010645980769615315,0.006829140849666793,0.006387588461769189
2025-08-13,0.003635874194714228,0.0030492830145867345,0.0034232284065640606,0.00343899531440387,0.0035082867218241276
2025-08-14,-0.00281764859649436,-0.006338706734070332,9.29178689290655e-05,-0.0012778862077267306,-0.0010713087172403047
2025-08-15,-0.0015138518002432155,0.0005858183101099534,-0.0023411979263346927,-0.001841659771167359,-0.0020102594758981017
2025-08-18,-0.0011116693968638014,-0.0015612675411803556,-0.00021771255650937515,-0.0005755572650650798,-0.0005752952926511457
2025-08-19,0.0019224397285082517,-0.005473279447945512,-0.00542510102815319,-0.003593033680967062,-0.0024860847254886127
2025-08-20,0.0006059848911628141,0.010122175284489776,-0.002657177257710863,-0.00056345146627238,-0.0013519123981613921
2025-08-21,-0.002321495069837809,-0.0034698951143765644,-0.004011616774111215,-0.0035349141820693987,-0.0033355680924018524
2025-08-22,0.005564052520375284,0.01070642694476942,0.015356734450693521,0.012443533217521553,0.011439661678566228
2025-08-25,-0.0015089703196837778,-0.0024148368614391735,-0.0044010200352035955,-0.003479389288947199,-0.0032442001489956683
2025-08-26,0.0012089203441638663,0.007262047243691283,0.004186968758527643,0.003749964503453063,0.002995749392782132
2025-08-27,0.0010064175854618274,0.0020187288833615202,0.002278452752666471,0.0019344715739348151,0.0017696386857846136
2025-08-28,0.0012062466326314691,0.007419038046796889,0.0035415153417788225,0.003345450434993791,0.002607407858119881
2025-08-29,-0.0013054127559005702,0.00964990177666114,-0.0059638290232071345,-0.003237851876393666,-0.004100462516284508
2025-09-02,-0.002652920759639521,0.023642559312442524,-0.0074102526816088865,-0.0031156385017114038,-0.00550731991282114
2025-09-03,0.003641177912703464,0.007831992196408066,0.005419642546478309,0.005216261353027574,0.004708256692968371
2025-09-04,0.004031057593749443,-0.004418882618094533,0.00835741674721624,0.005998197022318463,0.006626873085829522
2025-09-05,0.004717328830180945,0.01334594055214322,-0.002896288899897903,0.0006313384778259216,0.0001491581921336362
2025-09-08,0.0033968018492331886,0.011388067271604019,0.0024566730815143156,0.003584844692453005,0.0028327245886018647
2025-09-09,-0.0019913265996162055,-0.002269905468609168,0.00231188440026342,0.0007779026634062546,0.0005906000003115696
2025-09-10,0.0019952998933681076,0.0035922056391106683,0.0028908050214451197,0.002737068801192422,0.002532602970214315
2025-09-11,0.0018916496052483467,-0.0014913797811720864,0.008310100433307488,0.005725339704844745,0.005742720102083832
2025-09-12,-0.0008945313036251568,0.0019715725978484144,-0.00033453660158855314,-0.0002439243571540073,-0.0005585344824031946
2025-09-15,0.0016910075732881058,0.01040483601055886,0.005323962798345239,0.004923811313302318,0.0038707807083223854
2025-09-16,0.00039700840450085373,0.0020064107533963593,-0.0013768848246955567,-0.0005950819595872624,-0.0006673275330169925
2025-09-17,-0.001786301647939692,-0.007715171664187115,-0.001242457061691904,-0.0020256896685033722,-0.001459994896191019
2025-09-18,-0.002784190207841708,-0.0040063094596702875,0.004672593154858351,0.0019405070527304723,0.0016898798097783275
2025-09-19,0.0,0.010607227252210416,0.00495277480627232,0.00428002634929805,0.0029716648837633916
2025-09-22,-0.0011966462871586536,0.01730643093326134,0.004731049353107419,0.0045066636010562934,0.00235997109700099
2025-09-23,0.0015974663731546102,0.004086375052867464,-0.005443562937222368,-0.0027303118106191404,-0.0026271512130715768
2025-09-24,-0.0018938816930493818,-0.009063049726670935,-0.0031816645261014687,-0.003447857337895394,-0.002666551392880634
2025-09-25,-0.001398072920515192,0.004165188877066628,-0.004613374905433676,-0.0029316930309540245,-0.0033272541114662824
2025-09-26,0.0007000151324583204,0.00577227044053652,0.0057290340826092745,0.0044761029808642605,0.0037174265025488925
2025-09-29,0.001898802619019424,0.016496514338703028,0.0028104467833012237,0.003951142497770954,0.002445789117588504
2025-09-30,-9.977675347350168e-05,0.008540004081594166,0.003766834755358328,0.0032774988107739547,0.002220190151825596
2025-10-01,0.0025517679195548038,0.0015753722020723782,0.0034074798459751143,0.003010341099979763,0.0030651950754069903
2025-10-02,0.0010981777374836632,-0.003482825151325697,0.001151824796685963,0.000674948037084222,0.0011303659730050432
2025-10-03,-0.0010969730660839172,0.008032937892485048,-1.4805406382656372e-05,0.0005194270085787988,-0.00044767247026316075
2025-10-06,-0.002195881509608144,0.01884573861512795,0.003586271966467658,0.003666680262314737,0.0012734105760373367
2025-10-07,0.0017005301489825264,0.005159462258136571,-0.0037075138893177817,-0.0014688052649972695,-0.0015442962739976585
2025-10-08,9.989856028314037e-05,0.01649095687844504,0.005963055269571305,0.005550056253136638,0.003617792585856039
2025-10-09,-0.0011982678498090316,-0.018452848086064955,-0.002896974724933221,-0.004027885342265347,-0.0022174919748835452
2025-10-10,0.004099079226289382,0.010097700011942212,-0.027027862178845674,-0.015533570608483122,-0.01457708561679165
2025-10-13,0.001891930055479829,0.02430104394061705,0.015344118135168339,0.012876763695791084,0.009963242903292934
2025-10-14,0.001590121208794093,0.007141189222626965,-0.0012216462876413203,0.0003175791374943615,-9.693928906715497e-05
2025-10-15,-0.00039685992242466384,0.017332403569977117,0.004439529909605389,0.004519719817635048,0.0025049739767933677
2025-10-16,0.0035735501202758257,0.02338727694573084,-0.006810134562330372,-0.0011944722408727018,-0.0026566606892878923
2025-10-17,-0.001384769755708004,-0.01881705572696646,0.005676205164253156,0.0014616353451409043,0.002851815196268692
2025-10-20,0.0016838434585244588,0.03640197438905224,0.010400500262923273,0.010821483474436466,0.006913837541163748
2025-10-21,0.0009888725428821576,-0.06426889260666147,-1.494287878323064e-05,-0.006189383996154707,0.0003865832898829247
2025-10-22,-9.889119131212265e-05,0.00010605594835544352,-0.005198916065879078,-0.003393412645813887,-0.0031589061160522958
2025-10-23,-0.0017781847442006615,0.004002358382396931,0.005929962705964353,0.0038101654110663575,0.0028467037258983474
2025-10-24,0.0009895966643660437,-0.0033528327110016187,0.008172554694480416,0.00522427644640362,0.005299371482434667
2025-10-27,0.000692228442741083,-0.027839530498784404,0.011797664492784632,0.005057585981116841,0.0073554900727672125
2025-10-28,0.0005926824824795673,-0.007166030388359279,0.002655926209922388,0.001157919618233516,0.0018306287189452596
2025-10-29,-0.004739745360005432,-0.0037872684129753864,0.0004804602529762114,-0.0012513640168643591,-0.001607621992216446
2025-10-30,-0.001885250870037325,0.01964188672951095,-0.010998097614260183,-0.005655887493827356,-0.007352958916571039
2025-10-31,-0.0005964337478293613,-0.005430550723012573,0.0032801312668069293,0.0014399218141659068,0.0017295052609524128
2025-11-03,-0.001227189146519092,0.0017929035935666526,0.0018767398754619968,0.00109237399177719,0.0006351682666695613
2025-11-04,0.0004995645064738152,-0.017517195825319742,-0.01185354736001909,-0.00933163423992593,-0.006912302613421927
2025-11-05,-0.0026961753285109635,0.011564369498527016,0.0034653852011290454,0.0027348934984588406,0.0010007609892730418
2025-11-06,0.003704636272721329,-0.0012005195756799036,-0.010729363869237507,-0.006167979404392038,-0.004955763812453972
2025-11-07,-0.0003990378709838316,0.006119021470095687,0.000984565078659072,0.0011521099803920077,0.0004311238988019106
2025-11-10,-0.0003990397225976938,0.02734111859838051,0.01560437034633999,0.012777192654309622,0.009203006318764917
2025-11-11,0.0029950558071407674,0.003937814406542062,0.002289177027853917,0.002630510460544444,0.002571528539568657
2025-11-12,-0.00039808548363617913,0.016110762091908537,0.0005563903663643455,0.0018732085764186336,0.00017460002636413558
2025-11-13,-0.0029875370830376724,-0.008083098515826892,-0.01659390636118807,-0.012341233257114354,-0.011151358649927912
2025-11-14,-0.0011983908425953205,-0.018047911171504505,-0.0001637328001578009,-0.0022108151479018514,-0.0005775960171328087
2025-11-17,0.00019980054652113388,-0.011463979297139493,-0.009316529838549359,-0.007152192188140749,-0.005509997684521162
2025-11-18,0.0005999916720398346,0.007264932736103624,-0.008397554120144202,-0.00458191898647341,-0.004798535803270587
2025-11-19,0.0,0.0016294519610446923,0.003863270235832328,0.0026740708493954825,0.0023179621414993966
2025-11-20,0.0011989485319106041,-0.0002933255655774847,-0.015242227316648038,-0.009637043179401322,-0.008665756977224581
2025-11-21,0.002395419159385792,-0.0015473311468576778,0.009961138168965045,0.00691886148498796,0.006934850565133344
2025-11-24,0.0019910589648897137,0.01584423909859023,0.014718606876234608,0.011649283120633947,0.00962758771169665
2025-11-25,0.0015897290477191461,-0.00031569077041548876,0.009405836039293458,0.0064796566104289854,0.006279393242663733
2025-11-26,0.00158736232654344,0.007998338908444147,0.006903582418005261,0.005684003044183694,0.004777094381420532
2025-11-28,-0.0013865552193057518,0.012424331348639184,0.0054584342293309,0.004443776579102565,0.002720438449876239
2025-12-01,-0.004318708480840261,0.004821066034977672,-0.004565560353440801,-0.0035651847464488184,-0.004466819604400585
2025-12-02,0.0012992677661607388,-0.006440050713598433,0.001852367504067809,0.0008848507478244172,0.0016311276089049807
2025-12-03,0.0018962665897821473,-0.0009296182229129313,0.003462749080359595,0.0026318917273879805,0.002836156084128616
2025-12-04,-0.0023907547353361203,0.0006461951944911615,0.000731139787988333,-5.782830219249748e-05,-0.0005176180213414483
2025-12-05,-0.0010985684927070638,-0.0017823532991587676,0.001899394752821859,0.0007817291362415658,0.0007002094546102899
2025-12-08,-0.0015995179595212905,-0.002639449868615862,-0.0030042091058060105,-0.002616560395515816,-0.0024423326472921224
2025-12-09,-0.0009012588573993341,0.005137202012788666,-0.000863028073573191,-0.00027256276089354106,-0.0008783203871036482
2025-12-10,0.003207130212985243,0.004259147967166088,0.00663214455678518,0.005538591311873287,0.0052621388192652056
2025-12-11,0.00019989811087262055,0.010769830543307712,0.0023270355362734474,0.002639530680626667,0.0014761805661131166
2025-12-12,-0.0030963486738802004,0.005594579039939429,-0.010752074615154483,-0.007203477764326521,-0.0076897842386447705
2025-12-15,0.0010018431456142451,0.0009103412637567754,-0.001510898681416406,-0.0006405892301414252,-0.0005058019506041455
2025-12-16,0.0019017385255113428,0.00022745542760316262,-0.002732285145230273,-0.0012778051702615257,-0.0008786756769336267
2025-12-17,-0.00029965080274207967,0.008588228474273762,-0.011003593983400228,-0.006368425942468292,-0.006722016711136969
2025-12-18,0.002498257536669435,-0.0018032036998043566,0.00755126270975226,0.005352564775525892,0.00553006064051913
2025-12-19,-0.0014602489696279308,0.0011289903434381632,0.009063506223587092,0.005639115837268444,0.004854004146301083
2025-12-22,-0.0004006016559666703,0.02308160549906857,0.006229803850433591,0.006257382638697024,0.003577641647873486
2025-12-23,0.0,0.013252341857567629,0.004570492347330646,0.004296054211521683,0.0027422954083983872
2025-12-24,0.0022043491493068945,-0.004134082564786756,0.003517674396244841,0.0024241673884071945,0.0029923442974696627
2025-12-26,0.0002000187091530936,0.011676735474757116,-0.00010140966545213459,0.0011517619422200976,1.9161684389956702e-05
2025-12-29,0.0011996372654097254,-0.0435283019531133,-0.0035636535074947684,-0.006369295658830499,-0.0016583371983329709
2025-12-30,-0.00039939995340199097,0.0007275678386380324,-0.0012212136133650242,-0.0008208820531739602,-0.0008924881493798109
2025-12-31,-0.0023972789565023245,-0.006467991163222386,-0.0074088529688375315,-0.006061873285192216,-0.005404223363903449
